Parameter,Value
Title,Linear Mixed-Effects Models using 'Eigen' and S4
Description,"Fit linear and generalized linear mixed-effects models.
The models and their components are represented using S4 classes and
methods.  The core computational algorithms are implemented using the
'Eigen' C++ library for numerical linear algebra and 'RcppEigen' ""glue""."
License,GPL (>= 2)
URL,https://github.com/lme4/lme4/
Author,"Douglas Bates [aut] (<https://orcid.org/0000-0001-8316-9503>),
Martin Maechler [aut] (<https://orcid.org/0000-0002-8685-9910>),
Ben Bolker [aut, cre] (<https://orcid.org/0000-0002-2127-0443>),
Steven Walker [aut] (<https://orcid.org/0000-0002-4394-9078>),
Rune Haubo Bojesen Christensen [ctb]
(<https://orcid.org/0000-0002-4494-3399>),
Henrik Singmann [ctb] (<https://orcid.org/0000-0002-4842-3657>),
Bin Dai [ctb],
Fabian Scheipl [ctb] (<https://orcid.org/0000-0001-8172-3603>),
Gabor Grothendieck [ctb],
Peter Green [ctb] (<https://orcid.org/0000-0002-0238-9852>),
John Fox [ctb]"
Maintainer,Ben Bolker <bbolker+lme4@gmail.com>
Date/Publication,2019-03-05 22:40:10 UTC
Repository,CRAN
BugReports,https://github.com/lme4/lme4/issues
